customer_id,first_name,last_name,email,region,signup_date
C1000,anna,Brown,user0@example.com,EAST,2024-02-28
C1001,John,Brown,user1@example.com,NORTH,23/05/2024
C1002,John,Jones,user2@example.com,West,2024/01/16
C1003,anna,Brown,user3@example.com,North,06/11/2023
C1004,DAVID,WILLIAMS,user4@example.com,South,06-21-2024
C1005,mary,Smith,user5@example.com,West,2023-06-29
C1006,mary,johnson,user6@example.com,west,2024-01-19
C1007,mary,WILLIAMS,user7@example.com,north,2023-07-26
C1008,anna,WILLIAMS,user8@example.com,NORTH,2024-03-30
C1009,John,Brown,user9@example.com,west,09/05/2024
C1010,anna,Smith,user10@example.com,west,07-14-2023
C1011,anna,johnson,,east,05-10-2024
C1012,Michael,WILLIAMS,user12@example.com,EAST,02/12/2023
C1013,John,Jones,user13@example.com,West,11/04/2023
C1014,Michael,johnson,user14@example.com,west,2023-07-30
C1015,sarah,Brown,user15@example.com,south,2024/04/15
C1016,John,Smith,user16@example.com,EAST,2024-12-31
C1017,John,Jones,,North,01-05-2023
C1018,John,johnson,user18@example.com,south,2023-02-15
C1019,mary,johnson,user19@example.com,West,2023/12/08
C1020,mary,WILLIAMS,user20@example.com,South,2023-02-17
C1021,Michael,johnson,user21@example.com,north,06-17-2024
C1022,Michael,Smith,user22@example.com,South,01-24-2023
C1023,John,Smith,,North,16/10/2024
C1024,Michael,johnson,user24@example.com,South,25/11/2023
C1025,mary,WILLIAMS,user25@example.com,east,07-17-2023
C1026,anna,Jones,user26@example.com,NORTH,10-11-2023
C1027,anna,Jones,user27@example.com,EAST,2024-03-27
C1028,anna,WILLIAMS,user28@example.com,EAST,07/10/2023
C1029,Michael,Brown,user29@example.com,North,06-11-2023
C1030,sarah,Smith,user30@example.com,EAST,2023-04-28
C1031,mary,Brown,user31@example.com,NORTH,2024-09-29
C1032,sarah,WILLIAMS,user32@example.com,South,07-31-2023
C1033,Michael,Brown,user33@example.com,West,07-16-2024
C1034,DAVID,WILLIAMS,user34@example.com,NORTH,05/10/2023
C1035,James,Jones,user35@example.com,north,12-22-2024
C1036,James,Jones,user36@example.com,South,10/08/2024
C1037,John,Brown,user37@example.com,,2023-06-25
C1038,James,Brown,user38@example.com,EAST,11-15-2023
C1039,James,Smith,user39@example.com,South,2024/07/07
C1040,mary,Jones,user40@example.com,EAST,21/02/2023
C1041,anna,Smith,user41@example.com,EAST,2023/01/30
C1042,sarah,Brown,user42@example.com,NORTH,2024-11-22
C1043,DAVID,WILLIAMS,,NORTH,2023/04/19
C1044,DAVID,Jones,,west,2023-02-25
C1045,mary,WILLIAMS,user45@example.com,north,2024/03/12
C1046,mary,Smith,user46@example.com,east,2023/07/03
C1047,James,Smith,user47@example.com,EAST,09-23-2024
C1048,DAVID,johnson,user48@example.com,NORTH,11-16-2023
C1049,John,Jones,user49@example.com,east,2023-07-22
C1050,John,Jones,user50@example.com,West,21/04/2024
C1051,sarah,Smith,user51@example.com,NORTH,2023/04/06
C1052,John,WILLIAMS,user52@example.com,west,2023/04/10
C1053,DAVID,Jones,user53@example.com,EAST,2023/11/14
C1054,James,Smith,user54@example.com,NORTH,26/04/2024
C1055,DAVID,johnson,user55@example.com,south,18/08/2023
C1056,Michael,Brown,user56@example.com,North,09-23-2024
C1057,DAVID,Jones,user57@example.com,east,2024/01/08
C1058,James,Brown,user58@example.com,North,07-07-2023
C1059,John,WILLIAMS,user59@example.com,EAST,2023/11/29
C1060,anna,johnson,user60@example.com,South,2024-05-14
C1061,sarah,Jones,user61@example.com,north,2023/03/08
C1062,Michael,Brown,,NORTH,04-26-2023
C1063,John,Brown,user63@example.com,north,2024/05/05
C1064,sarah,Smith,user64@example.com,EAST,06-24-2023
C1065,John,Brown,user65@example.com,north,23/12/2023
C1066,Michael,WILLIAMS,user66@example.com,EAST,2024-06-04
C1067,DAVID,Brown,user67@example.com,south,2024-02-20
C1068,James,WILLIAMS,user68@example.com,north,2023-11-30
C1069,anna,WILLIAMS,user69@example.com,north,2023/11/06
C1070,Michael,Smith,user70@example.com,North,2024/02/15
C1071,James,johnson,user71@example.com,east,02/09/2023
C1072,DAVID,WILLIAMS,user72@example.com,east,15/07/2024
C1073,Michael,Brown,user73@example.com,east,2024/05/08
C1074,mary,Brown,user74@example.com,east,03-09-2023
C1075,anna,WILLIAMS,user75@example.com,West,2023/08/02
C1076,John,Brown,user76@example.com,South,03-21-2024
C1077,John,Jones,user77@example.com,north,11/07/2024
C1078,anna,Smith,user78@example.com,North,2023-06-27
C1079,mary,Brown,user79@example.com,EAST,2024/12/29
C1080,James,Smith,user80@example.com,north,2023/04/28
C1081,DAVID,WILLIAMS,user81@example.com,NORTH,2023-11-30
C1082,John,WILLIAMS,user82@example.com,NORTH,31/03/2024
C1083,James,WILLIAMS,user83@example.com,west,2023/11/12
C1084,mary,Smith,user84@example.com,north,2023-03-13
C1085,James,Brown,user85@example.com,West,2024/12/02
C1086,John,Jones,user86@example.com,east,2023/12/02
C1087,sarah,Smith,user87@example.com,NORTH,2024-10-22
C1088,DAVID,Jones,user88@example.com,east,03/04/2023
C1089,sarah,Brown,user89@example.com,north,2023-05-23
C1090,anna,Brown,user90@example.com,South,31/05/2023
C1091,James,Smith,user91@example.com,west,04-08-2024
C1092,DAVID,johnson,user92@example.com,west,2024/02/04
C1093,mary,Jones,user93@example.com,south,20/07/2023
C1094,DAVID,WILLIAMS,user94@example.com,north,11-28-2024
C1095,DAVID,Jones,user95@example.com,,11-03-2023
C1096,mary,Brown,user96@example.com,West,03-21-2024
C1097,anna,Brown,user97@example.com,EAST,2023-04-02
C1098,DAVID,Smith,user98@example.com,,2024/09/18
C1099,anna,johnson,user99@example.com,West,05-11-2023
C1100,anna,WILLIAMS,user100@example.com,North,03-05-2023
C1101,anna,Jones,user101@example.com,south,2024-07-16
C1102,John,johnson,user102@example.com,West,01-01-2023
C1103,Michael,WILLIAMS,user103@example.com,south,04-23-2023
C1104,anna,Brown,user104@example.com,West,01/02/2023
C1105,mary,Brown,user105@example.com,south,2024/03/18
C1106,Michael,Smith,user106@example.com,west,10-02-2024
C1107,anna,Smith,user107@example.com,EAST,2024/12/29
C1108,mary,Jones,user108@example.com,EAST,2024/02/20
C1109,mary,johnson,user109@example.com,North,21/03/2024
C1110,sarah,johnson,user110@example.com,West,09/11/2024
C1111,sarah,WILLIAMS,user111@example.com,south,01/05/2024
C1112,DAVID,Jones,user112@example.com,NORTH,2023/07/12
C1113,anna,Smith,user113@example.com,north,2024/01/04
C1114,anna,Jones,user114@example.com,EAST,06-07-2023
C1115,Michael,Brown,user115@example.com,east,17/11/2024
C1116,mary,Smith,user116@example.com,South,2023-05-18
C1117,anna,johnson,user117@example.com,east,2023-03-15
C1118,DAVID,Smith,user118@example.com,east,2023/05/28
C1119,James,Brown,user119@example.com,West,2024/11/04
C1120,James,Smith,user120@example.com,South,2023-05-20
C1121,James,johnson,user121@example.com,north,2023/05/21
C1122,John,Brown,user122@example.com,North,2024/04/11
C1123,mary,WILLIAMS,user123@example.com,west,30/09/2024
C1124,James,Jones,user124@example.com,NORTH,2024/04/10
C1125,John,WILLIAMS,user125@example.com,West,2024/07/19
C1126,James,Brown,user126@example.com,NORTH,01-29-2024
C1127,DAVID,Brown,user127@example.com,South,20/08/2023
C1128,sarah,Brown,user128@example.com,east,2024-03-10
C1129,DAVID,johnson,user129@example.com,east,2024/08/14
C1130,John,Brown,user130@example.com,NORTH,08-31-2023
C1131,mary,Jones,user131@example.com,south,02-25-2024
C1132,Michael,johnson,user132@example.com,north,2023-02-04
C1133,anna,Brown,,west,2024/08/04
C1134,DAVID,johnson,user134@example.com,EAST,12-22-2024
C1135,mary,Jones,user135@example.com,west,2023/04/26
C1136,anna,Jones,user136@example.com,North,2024-12-08
C1137,sarah,johnson,user137@example.com,west,05-26-2023
C1138,sarah,Smith,user138@example.com,north,2024-04-21
C1139,anna,WILLIAMS,user139@example.com,NORTH,2024-06-19
C1140,sarah,Brown,user140@example.com,north,2023/09/09
C1141,mary,WILLIAMS,user141@example.com,north,2024-10-07
C1142,DAVID,Jones,user142@example.com,west,12-01-2024
C1143,mary,WILLIAMS,user143@example.com,east,2024-09-19
C1144,mary,Smith,user144@example.com,West,2023-12-18
C1145,anna,WILLIAMS,user145@example.com,West,2024/04/25
C1146,Michael,WILLIAMS,user146@example.com,,2024/06/08
C1147,Michael,Jones,user147@example.com,NORTH,08-10-2024
C1148,DAVID,Jones,user148@example.com,east,03-07-2024
C1149,anna,Brown,user149@example.com,,10-29-2023
C1150,Michael,johnson,user150@example.com,EAST,2023-06-21
C1151,sarah,Brown,user151@example.com,North,12-12-2024
C1152,Michael,Jones,user152@example.com,south,07-31-2024
C1153,sarah,Brown,user153@example.com,North,2023/03/04
C1154,DAVID,WILLIAMS,user154@example.com,south,15/08/2024
C1155,mary,WILLIAMS,user155@example.com,West,2024-08-09
C1156,mary,Jones,user156@example.com,north,11-03-2024
C1157,Michael,Jones,user157@example.com,South,2024-10-01
C1158,sarah,Brown,user158@example.com,West,2023/10/21
C1159,John,Brown,user159@example.com,EAST,26/03/2023
C1160,James,WILLIAMS,user160@example.com,east,2024-06-01
C1161,John,johnson,user161@example.com,north,10-12-2023
C1162,James,johnson,user162@example.com,South,05-16-2023
C1163,John,Jones,user163@example.com,east,10-09-2023
C1164,mary,Brown,user164@example.com,west,2023-01-15
C1165,anna,johnson,user165@example.com,North,10/09/2024
C1166,mary,Brown,user166@example.com,NORTH,28/08/2024
C1167,James,Smith,user167@example.com,west,2024/11/05
C1168,anna,WILLIAMS,user168@example.com,west,14/01/2024
C1169,sarah,Brown,user169@example.com,North,25/09/2023
C1170,Michael,Brown,user170@example.com,South,11/05/2024
C1171,John,Brown,user171@example.com,South,2024-06-24
C1172,sarah,johnson,,,2023-12-18
C1173,sarah,Brown,user173@example.com,EAST,29/05/2023
C1174,Michael,Smith,user174@example.com,south,2024/05/22
C1175,sarah,johnson,user175@example.com,West,28/01/2024
C1176,Michael,Jones,user176@example.com,north,2024/11/07
C1177,DAVID,Jones,,South,14/10/2024
C1178,Michael,WILLIAMS,user178@example.com,West,08-04-2023
C1179,James,Smith,user179@example.com,West,02-25-2023
C1180,John,Brown,user180@example.com,EAST,2023-04-29
C1181,anna,Smith,user181@example.com,south,2023/06/21
C1182,anna,Jones,user182@example.com,north,2024/02/13
C1183,John,Brown,user183@example.com,east,2023/11/05
C1184,anna,Smith,,,29/06/2024
C1185,Michael,johnson,user185@example.com,South,2024/01/24
C1186,James,Brown,user186@example.com,South,04-30-2024
C1187,DAVID,johnson,user187@example.com,south,2023/05/29
C1188,James,Smith,user188@example.com,west,01-13-2023
C1189,anna,Brown,user189@example.com,,2024/04/04
C1190,DAVID,WILLIAMS,user190@example.com,North,11-25-2024
C1191,John,WILLIAMS,user191@example.com,NORTH,2024-06-26
C1192,DAVID,Jones,user192@example.com,North,04-10-2023
C1193,sarah,Brown,user193@example.com,south,03-18-2024
C1194,mary,Smith,user194@example.com,south,12-10-2023
C1195,sarah,WILLIAMS,user195@example.com,east,2023-10-01
C1196,John,Jones,user196@example.com,West,2023/09/19
C1197,anna,Brown,user197@example.com,West,17/04/2024
C1198,anna,WILLIAMS,user198@example.com,west,19/11/2024
C1199,DAVID,Brown,user199@example.com,east,06-16-2024
C1200,Michael,Jones,user200@example.com,North,24/11/2024
C1201,James,Smith,,EAST,2023-11-17
C1202,mary,Jones,user202@example.com,south,2024-11-19
C1203,Michael,Smith,user203@example.com,north,2023-03-11
C1204,John,johnson,user204@example.com,EAST,2024-02-26
C1205,James,WILLIAMS,user205@example.com,EAST,2024-06-21
C1206,anna,johnson,user206@example.com,south,2024/12/02
C1207,DAVID,Smith,user207@example.com,south,26/12/2023
C1208,James,Brown,user208@example.com,west,10-18-2023
C1209,anna,Smith,user209@example.com,North,2023-07-17
C1210,Michael,Smith,user210@example.com,east,2023-01-25
C1211,Michael,Brown,user211@example.com,NORTH,28/02/2023
C1212,mary,johnson,user212@example.com,West,2024-09-05
C1213,mary,WILLIAMS,user213@example.com,south,2024-12-26
C1214,DAVID,Smith,user214@example.com,east,30/03/2023
C1215,James,Smith,user215@example.com,North,20/01/2024
C1216,mary,WILLIAMS,,South,24/04/2023
C1217,Michael,Smith,user217@example.com,South,09-17-2023
C1218,James,WILLIAMS,user218@example.com,West,2024-04-23
C1219,Michael,WILLIAMS,user219@example.com,EAST,2024/10/16
C1220,John,WILLIAMS,user220@example.com,NORTH,2023/10/11
C1221,Michael,Brown,user221@example.com,west,12-09-2024
C1222,DAVID,johnson,user222@example.com,north,21/09/2023
C1223,sarah,johnson,user223@example.com,south,03-17-2023
C1224,John,Jones,user224@example.com,west,2023/03/05
C1225,John,Brown,user225@example.com,NORTH,02-02-2024
C1226,DAVID,Jones,user226@example.com,EAST,03-03-2023
C1227,James,johnson,user227@example.com,South,29/09/2023
C1228,James,johnson,user228@example.com,south,2024-03-27
C1229,DAVID,johnson,user229@example.com,EAST,18/05/2024
C1230,mary,Smith,user230@example.com,south,2024/09/16
C1231,John,Jones,user231@example.com,north,2023/07/02
C1232,mary,Brown,user232@example.com,north,22/04/2023
C1233,Michael,Jones,user233@example.com,South,2024/07/07
C1234,John,johnson,user234@example.com,east,2023-08-12
C1235,John,Brown,user235@example.com,east,03-28-2024
C1236,anna,Jones,user236@example.com,NORTH,2023-04-16
C1237,sarah,johnson,user237@example.com,South,2023-03-16
C1238,James,johnson,user238@example.com,West,08-08-2024
C1239,John,Brown,user239@example.com,NORTH,2024-04-01
C1240,James,WILLIAMS,user240@example.com,West,24/05/2024
C1241,Michael,Brown,user241@example.com,NORTH,2024-10-30
C1242,James,WILLIAMS,user242@example.com,North,2023/02/08
C1243,mary,Smith,user243@example.com,,30/09/2023
C1244,mary,Brown,user244@example.com,NORTH,12-17-2024
C1245,anna,WILLIAMS,user245@example.com,NORTH,2024-02-05
C1246,sarah,Jones,user246@example.com,north,2024/06/11
C1247,Michael,johnson,user247@example.com,east,2024/05/04
C1248,mary,Smith,user248@example.com,east,2024-02-18
C1249,DAVID,Brown,user249@example.com,West,07/07/2024
C1250,Michael,WILLIAMS,user250@example.com,North,2023/01/04
C1251,James,Jones,user251@example.com,EAST,2024/12/06
C1252,Michael,WILLIAMS,user252@example.com,EAST,05-05-2023
C1253,sarah,Brown,user253@example.com,west,12-08-2023
C1254,mary,WILLIAMS,user254@example.com,North,2024-02-15
C1255,Michael,Brown,user255@example.com,South,2024-10-09
C1256,James,WILLIAMS,user256@example.com,EAST,01-10-2024
C1257,anna,johnson,user257@example.com,north,2023/03/24
C1258,anna,Brown,user258@example.com,south,24/10/2023
C1259,mary,Brown,user259@example.com,North,2023-06-30
C1260,anna,Smith,user260@example.com,south,29/01/2024
C1261,DAVID,johnson,user261@example.com,west,2023/11/03
C1262,sarah,Brown,user262@example.com,EAST,04-20-2023
C1263,anna,Jones,user263@example.com,NORTH,2024-05-13
C1264,anna,WILLIAMS,user264@example.com,West,2024/10/09
C1265,DAVID,Jones,user265@example.com,South,14/07/2023
C1266,sarah,WILLIAMS,user266@example.com,east,06/02/2023
C1267,Michael,WILLIAMS,user267@example.com,,26/01/2023
C1268,sarah,Smith,user268@example.com,NORTH,2024/05/15
C1269,John,Brown,user269@example.com,North,03-06-2023
C1270,mary,WILLIAMS,user270@example.com,NORTH,2024/05/26
C1271,mary,Smith,user271@example.com,North,2023-01-17
C1272,John,Jones,user272@example.com,south,2023-12-14
C1273,DAVID,Smith,user273@example.com,North,2023-12-12
C1274,John,Jones,user274@example.com,North,2024-02-20
C1275,Michael,Brown,user275@example.com,North,2023/08/05
C1276,Michael,WILLIAMS,,,25/11/2024
C1277,mary,johnson,user277@example.com,West,16/08/2024
C1278,Michael,Jones,,west,2023-03-15
C1279,mary,WILLIAMS,user279@example.com,NORTH,2023/05/25
C1280,John,johnson,user280@example.com,North,2024-10-31
C1281,John,johnson,user281@example.com,north,2024-04-27
C1282,anna,Jones,user282@example.com,south,06/09/2023
C1283,anna,WILLIAMS,user283@example.com,NORTH,15/01/2023
C1284,John,johnson,user284@example.com,north,2024-10-09
C1285,mary,Smith,user285@example.com,north,2023-11-11
C1286,John,Smith,user286@example.com,north,12/04/2024
C1287,John,WILLIAMS,user287@example.com,South,2024-08-28
C1288,James,Brown,user288@example.com,west,2023-04-19
C1289,DAVID,Smith,user289@example.com,EAST,24/05/2024
C1290,John,Jones,user290@example.com,south,06/03/2023
C1291,Michael,WILLIAMS,user291@example.com,west,03-12-2024
C1292,mary,johnson,user292@example.com,South,2024/11/25
C1293,DAVID,Smith,user293@example.com,West,2023-11-29
C1294,anna,WILLIAMS,user294@example.com,North,01/12/2024
C1295,sarah,WILLIAMS,user295@example.com,,26/11/2023
C1296,mary,Brown,user296@example.com,north,16/02/2023
C1297,Michael,johnson,user297@example.com,West,2023-12-10
C1298,mary,johnson,user298@example.com,north,05-04-2023
C1299,anna,johnson,user299@example.com,north,2023/05/25
C1300,Michael,Jones,user300@example.com,north,06-22-2023
C1301,Michael,WILLIAMS,user301@example.com,South,20/07/2024
C1302,sarah,Jones,user302@example.com,south,25/03/2024
C1303,mary,Jones,user303@example.com,North,2024-08-18
C1304,James,WILLIAMS,user304@example.com,NORTH,2023-05-17
C1305,sarah,johnson,user305@example.com,south,2024/10/09
C1306,James,WILLIAMS,user306@example.com,EAST,2023-06-11
C1307,sarah,Brown,user307@example.com,north,2024-05-13
C1308,mary,WILLIAMS,user308@example.com,North,2023-01-07
C1309,John,WILLIAMS,user309@example.com,,2023-07-03
C1310,John,Smith,user310@example.com,NORTH,12-24-2024
C1311,anna,Brown,user311@example.com,West,2024/03/02
C1312,sarah,Smith,user312@example.com,south,09/12/2024
C1313,DAVID,johnson,user313@example.com,north,31/07/2023
C1314,sarah,johnson,user314@example.com,EAST,10-17-2024
C1315,sarah,Brown,user315@example.com,east,2024/06/19
C1316,sarah,Jones,user316@example.com,West,26/02/2024
C1317,James,WILLIAMS,user317@example.com,east,2023-06-28
C1318,anna,Smith,user318@example.com,West,02/09/2024
C1319,John,Brown,user319@example.com,NORTH,2024-05-26
C1320,anna,Smith,user320@example.com,North,10-04-2024
C1321,anna,WILLIAMS,user321@example.com,NORTH,2023/12/23
C1322,anna,Jones,,West,05/01/2023
C1323,John,Smith,user323@example.com,West,2023-07-16
C1324,John,Brown,user324@example.com,east,2024-06-26
C1325,sarah,WILLIAMS,user325@example.com,North,09-25-2024
C1326,anna,WILLIAMS,user326@example.com,NORTH,06/07/2024
C1327,DAVID,Jones,user327@example.com,West,20/04/2024
C1328,James,Brown,user328@example.com,east,2023-10-11
C1329,James,WILLIAMS,user329@example.com,north,2023-07-18
C1330,John,Smith,user330@example.com,EAST,2023/06/02
C1331,mary,johnson,user331@example.com,,24/05/2024
C1332,mary,Brown,user332@example.com,west,2023-06-13
C1333,mary,Smith,user333@example.com,South,02-25-2023
C1334,Michael,Jones,,EAST,19/10/2023
C1335,sarah,Jones,user335@example.com,north,03-21-2024
C1336,mary,WILLIAMS,user336@example.com,South,2023/12/09
C1337,sarah,Jones,user337@example.com,east,2023-02-14
C1338,mary,johnson,user338@example.com,west,23/02/2023
C1339,DAVID,Smith,user339@example.com,North,2023-06-11
C1340,sarah,Brown,user340@example.com,,2024-05-11
C1341,mary,WILLIAMS,user341@example.com,west,14/03/2023
C1342,James,Brown,user342@example.com,West,03-31-2024
C1343,John,Smith,user343@example.com,north,05/03/2024
C1344,sarah,johnson,user344@example.com,EAST,11-24-2024
C1345,James,Smith,user345@example.com,south,2023-08-24
C1346,James,Smith,user346@example.com,South,30/11/2023
C1347,James,WILLIAMS,user347@example.com,east,11/04/2023
C1348,Michael,Brown,user348@example.com,South,27/02/2024
C1349,John,Smith,user349@example.com,West,20/01/2024
C1350,John,Smith,user350@example.com,West,2023/03/17
C1351,anna,johnson,user351@example.com,West,2024/08/22
C1352,Michael,Jones,user352@example.com,north,2023/02/25
C1353,James,johnson,user353@example.com,North,29/05/2023
C1354,John,Brown,user354@example.com,east,2024/09/16
C1355,John,Brown,user355@example.com,,2023/07/02
C1356,James,WILLIAMS,user356@example.com,north,18/01/2024
C1357,James,Jones,user357@example.com,south,13/04/2024
C1358,mary,Brown,user358@example.com,west,10-09-2024
C1359,mary,Jones,,West,04/10/2023
C1360,sarah,johnson,user360@example.com,EAST,10/12/2023
C1361,sarah,Brown,user361@example.com,South,2023-02-02
C1362,sarah,Smith,user362@example.com,EAST,15/10/2023
C1363,mary,Brown,user363@example.com,West,2023/04/24
C1364,James,Jones,user364@example.com,EAST,2024/04/14
C1365,sarah,Brown,user365@example.com,north,06-25-2023
C1366,John,WILLIAMS,user366@example.com,South,08-14-2023
C1367,mary,Smith,user367@example.com,,10/09/2024
C1368,sarah,WILLIAMS,user368@example.com,south,15/10/2024
C1369,John,johnson,user369@example.com,EAST,14/08/2024
C1370,sarah,Brown,user370@example.com,North,2023/03/30
C1371,DAVID,Brown,user371@example.com,West,2024/06/18
C1372,James,johnson,user372@example.com,east,2023/08/10
C1373,James,WILLIAMS,user373@example.com,South,04-18-2024
C1374,sarah,Smith,user374@example.com,east,2023/01/15
C1375,DAVID,WILLIAMS,user375@example.com,South,10/09/2023
C1376,sarah,Jones,user376@example.com,north,2023/12/02
C1377,anna,WILLIAMS,user377@example.com,North,16/08/2024
C1378,anna,Smith,user378@example.com,north,28/08/2024
C1379,James,Brown,user379@example.com,West,2024-08-10
C1380,Michael,WILLIAMS,user380@example.com,west,2024-03-03
C1381,anna,johnson,user381@example.com,West,2023/02/11
C1382,anna,Smith,user382@example.com,,2024-05-31
C1383,sarah,Brown,user383@example.com,west,2024/03/11
C1384,mary,Smith,user384@example.com,West,2024-05-05
C1385,mary,johnson,user385@example.com,NORTH,2024/04/08
C1386,DAVID,Jones,user386@example.com,NORTH,2023-09-04
C1387,mary,Smith,user387@example.com,NORTH,2024-07-25
C1388,John,Smith,user388@example.com,EAST,2024/12/10
C1389,Michael,WILLIAMS,,east,12/08/2023
C1390,anna,johnson,user390@example.com,South,01-03-2024
C1391,Michael,johnson,user391@example.com,EAST,2023-09-02
C1392,John,Jones,user392@example.com,West,2023/01/17
C1393,anna,johnson,user393@example.com,NORTH,11-16-2024
C1394,DAVID,Smith,user394@example.com,west,2023/06/15
C1395,John,Jones,user395@example.com,west,2024-08-07
C1396,John,johnson,user396@example.com,west,2024/04/10
C1397,Michael,Jones,user397@example.com,South,2023/05/22
C1398,sarah,johnson,user398@example.com,south,07-09-2023
C1399,Michael,johnson,user399@example.com,NORTH,2024/10/03
C1400,James,WILLIAMS,user400@example.com,NORTH,2024-12-21
C1401,Michael,johnson,user401@example.com,EAST,2024-10-04
C1402,mary,Jones,user402@example.com,EAST,01-30-2024
C1403,John,Smith,user403@example.com,east,2024-06-27
C1404,Michael,WILLIAMS,user404@example.com,west,2023/10/31
C1405,John,johnson,user405@example.com,east,04/10/2023
C1406,James,johnson,user406@example.com,west,2024-12-02
C1407,mary,Jones,user407@example.com,east,09-27-2024
C1408,John,WILLIAMS,user408@example.com,North,02-26-2023
C1409,Michael,johnson,user409@example.com,NORTH,2023-02-22
C1410,John,Smith,user410@example.com,south,01-28-2024
C1411,anna,Smith,user411@example.com,North,2024-04-21
C1412,James,johnson,user412@example.com,south,01-10-2024
C1413,mary,Smith,user413@example.com,west,2023-06-29
C1414,sarah,WILLIAMS,user414@example.com,,28/07/2024
C1415,John,johnson,user415@example.com,north,05-22-2023
C1416,Michael,Jones,user416@example.com,west,2023-09-02
C1417,mary,WILLIAMS,user417@example.com,west,2024/10/26
C1418,Michael,Smith,user418@example.com,west,17/08/2024
C1419,Michael,johnson,user419@example.com,south,08-19-2023
C1420,John,WILLIAMS,user420@example.com,North,12-28-2023
C1421,Michael,Smith,user421@example.com,east,2024/05/30
C1422,John,johnson,user422@example.com,EAST,2023-10-11
C1423,sarah,Brown,,North,03-06-2023
C1424,anna,Jones,user424@example.com,,2023/12/20
C1425,Michael,Smith,user425@example.com,West,2024-05-12
C1426,Michael,Smith,,EAST,04-26-2024
C1427,Michael,Brown,user427@example.com,west,04-07-2024
C1428,DAVID,Brown,user428@example.com,South,2024-11-20
C1429,DAVID,WILLIAMS,user429@example.com,South,2023/07/12
C1430,mary,Jones,user430@example.com,NORTH,2023-03-31
C1431,anna,Jones,user431@example.com,north,05/02/2024
C1432,anna,Smith,user432@example.com,NORTH,2023-10-23
C1433,DAVID,Brown,user433@example.com,north,22/04/2023
C1434,mary,Jones,user434@example.com,east,2023-10-10
C1435,DAVID,johnson,user435@example.com,south,14/12/2024
C1436,sarah,Jones,user436@example.com,south,23/05/2024
C1437,mary,Smith,user437@example.com,,2023-07-29
C1438,anna,Jones,user438@example.com,NORTH,2023/10/28
C1439,anna,WILLIAMS,user439@example.com,,29/11/2024
C1440,DAVID,Brown,user440@example.com,North,04-30-2024
C1441,sarah,Smith,user441@example.com,south,2024/03/06
C1442,DAVID,Smith,user442@example.com,west,2024-10-22
C1443,James,Brown,user443@example.com,EAST,26/10/2023
C1444,John,Brown,user444@example.com,NORTH,2023-03-06
C1445,John,Brown,user445@example.com,west,08-26-2023
C1446,sarah,Smith,user446@example.com,west,02-26-2024
C1447,Michael,Brown,user447@example.com,north,11-02-2024
C1448,Michael,Brown,user448@example.com,South,2024/05/12
C1449,John,Smith,user449@example.com,EAST,04-13-2024
C1450,John,Smith,user450@example.com,South,03/08/2024
C1451,Michael,WILLIAMS,user451@example.com,west,10/11/2023
C1452,mary,Jones,user452@example.com,west,24/09/2023
C1453,Michael,johnson,user453@example.com,North,05-10-2024
C1454,DAVID,Smith,user454@example.com,EAST,2023-10-23
C1455,mary,johnson,,South,06-01-2023
C1456,DAVID,WILLIAMS,,EAST,2023/10/19
C1457,John,Jones,user457@example.com,north,20/06/2023
C1458,mary,Jones,user458@example.com,west,12-29-2024
C1459,DAVID,Jones,user459@example.com,North,06/07/2023
C1460,DAVID,WILLIAMS,user460@example.com,EAST,26/12/2024
C1461,mary,Brown,user461@example.com,west,15/06/2023
C1462,sarah,Jones,user462@example.com,North,2023-04-30
C1463,James,Jones,user463@example.com,South,21/11/2023
C1464,Michael,WILLIAMS,user464@example.com,north,03-27-2024
C1465,anna,Brown,user465@example.com,NORTH,14/01/2024
C1466,DAVID,Jones,user466@example.com,west,2023-07-30
C1467,Michael,Jones,user467@example.com,north,11-12-2024
C1468,James,Brown,,South,19/12/2023
C1469,anna,Smith,user469@example.com,east,2024/01/17
C1470,Michael,Smith,user470@example.com,South,06/07/2024
C1471,John,Jones,,east,06-30-2024
C1472,anna,johnson,user472@example.com,north,2023-05-05
C1473,James,Brown,user473@example.com,NORTH,2024/02/19
C1474,Michael,Brown,user474@example.com,,2023/05/29
C1475,DAVID,johnson,user475@example.com,North,24/11/2023
C1476,anna,Brown,user476@example.com,North,01-05-2023
C1477,John,WILLIAMS,user477@example.com,south,10-24-2024
C1478,mary,Brown,user478@example.com,South,04-30-2024
C1479,DAVID,Brown,user479@example.com,east,10/08/2024
C1480,John,Brown,user480@example.com,east,2024/08/01
C1481,John,Smith,user481@example.com,North,2023-12-13
C1482,anna,WILLIAMS,user482@example.com,north,2024-05-05
C1483,Michael,Brown,user483@example.com,north,2023-05-23
C1484,mary,WILLIAMS,user484@example.com,North,2023-11-12
C1485,DAVID,WILLIAMS,user485@example.com,north,16/02/2024
C1486,DAVID,WILLIAMS,user486@example.com,west,04-01-2024
C1487,Michael,johnson,user487@example.com,south,04-05-2023
C1488,mary,Brown,user488@example.com,south,26/02/2023
C1489,anna,Smith,user489@example.com,West,20/08/2024
C1490,DAVID,Smith,user490@example.com,North,12/10/2023
C1491,mary,Smith,user491@example.com,west,2023-01-24
C1492,anna,Smith,user492@example.com,east,2024/07/05
C1493,anna,Brown,user493@example.com,west,2024-11-24
C1494,James,Smith,user494@example.com,NORTH,2024/06/08
C1495,DAVID,WILLIAMS,user495@example.com,EAST,2023/07/19
C1496,Michael,johnson,user496@example.com,North,2023-11-22
C1497,sarah,Jones,,west,11-13-2024
C1498,DAVID,Smith,user498@example.com,North,12/02/2024
C1499,James,Jones,user499@example.com,,03-13-2024
C1500,John,Jones,user500@example.com,west,01-31-2024
C1501,John,Jones,user501@example.com,north,01-13-2023
C1502,anna,WILLIAMS,user502@example.com,EAST,12-20-2023
C1503,sarah,Smith,user503@example.com,west,2023/11/12
C1504,James,Brown,user504@example.com,NORTH,2024-07-28
C1505,DAVID,WILLIAMS,user505@example.com,south,2023/08/09
C1506,John,Brown,user506@example.com,NORTH,2024/03/01
C1507,John,Smith,user507@example.com,North,23/10/2023
C1508,DAVID,WILLIAMS,user508@example.com,west,2024/03/10
C1509,James,Jones,user509@example.com,west,2023-05-23
C1510,mary,WILLIAMS,user510@example.com,north,28/05/2023
C1511,anna,WILLIAMS,user511@example.com,South,2023/11/07
C1512,DAVID,Smith,user512@example.com,West,06-21-2024
C1513,mary,Jones,user513@example.com,EAST,2023/03/09
C1514,anna,Jones,user514@example.com,South,2023-04-01
C1515,sarah,johnson,user515@example.com,north,02-24-2024
C1516,Michael,johnson,user516@example.com,EAST,29/02/2024
C1517,anna,Brown,user517@example.com,EAST,2024/07/23
C1518,sarah,johnson,user518@example.com,south,28/12/2024
C1519,Michael,Smith,user519@example.com,NORTH,24/07/2023
C1520,John,WILLIAMS,user520@example.com,EAST,01-26-2024
C1521,John,Jones,user521@example.com,east,2024/07/21
C1522,John,WILLIAMS,user522@example.com,EAST,02-13-2023
C1523,anna,Smith,,South,08-22-2024
C1524,mary,WILLIAMS,user524@example.com,east,2024/05/20
C1525,Michael,Jones,user525@example.com,EAST,2023-08-18
C1526,John,johnson,user526@example.com,EAST,03/01/2023
C1527,James,Brown,user527@example.com,West,09-26-2023
C1528,DAVID,Jones,user528@example.com,south,2024/10/17
C1529,Michael,Jones,user529@example.com,north,05-08-2023
C1530,Michael,Jones,user530@example.com,north,03/03/2024
C1531,mary,Jones,user531@example.com,NORTH,18/05/2024
C1532,sarah,Smith,user532@example.com,South,2023-01-30
C1533,mary,Jones,user533@example.com,north,2023/10/11
C1534,John,WILLIAMS,user534@example.com,North,03-10-2023
C1535,DAVID,Smith,user535@example.com,North,2024/08/18
C1536,DAVID,johnson,user536@example.com,east,2024/08/02
C1537,James,WILLIAMS,user537@example.com,South,2023/09/22
C1538,James,WILLIAMS,user538@example.com,west,2024-12-11
C1539,John,WILLIAMS,user539@example.com,west,2024-01-18
C1540,DAVID,WILLIAMS,user540@example.com,NORTH,23/09/2023
C1541,mary,Smith,user541@example.com,South,2024-08-18
C1542,anna,johnson,user542@example.com,south,05-30-2023
C1543,mary,johnson,user543@example.com,west,17/04/2024
C1544,anna,Jones,user544@example.com,east,01/01/2024
C1545,John,Brown,user545@example.com,North,02-24-2023
C1546,DAVID,Smith,user546@example.com,NORTH,2024/01/05
C1547,James,johnson,user547@example.com,NORTH,10-13-2024
C1548,Michael,Smith,user548@example.com,NORTH,02-19-2023
C1549,James,Smith,user549@example.com,NORTH,2023-10-26
C1550,sarah,Jones,user550@example.com,West,10/06/2024
C1551,Michael,johnson,user551@example.com,North,05/10/2024
C1552,anna,Brown,user552@example.com,West,07/04/2023
C1553,mary,Brown,user553@example.com,south,07-10-2024
C1554,mary,Brown,user554@example.com,North,11-20-2023
C1555,James,WILLIAMS,user555@example.com,west,10-05-2023
C1556,mary,johnson,user556@example.com,EAST,04-09-2023
C1557,James,WILLIAMS,user557@example.com,West,2023-05-28
C1558,James,WILLIAMS,user558@example.com,North,05-21-2023
C1559,mary,WILLIAMS,user559@example.com,EAST,2024/01/17
C1560,sarah,Jones,user560@example.com,west,02-26-2024
C1561,John,Jones,user561@example.com,south,2023-06-16
C1562,mary,Smith,user562@example.com,south,12/08/2023
C1563,anna,Smith,user563@example.com,NORTH,30/05/2024
C1564,DAVID,johnson,user564@example.com,east,2023-07-12
C1565,James,johnson,user565@example.com,north,2024/03/03
C1566,sarah,Jones,user566@example.com,east,2023-03-20
C1567,James,Smith,user567@example.com,South,2023-05-15
C1568,anna,Smith,user568@example.com,EAST,05-06-2024
C1569,James,WILLIAMS,user569@example.com,EAST,11-16-2023
C1570,anna,Brown,user570@example.com,West,2023/05/23
C1571,James,Brown,user571@example.com,North,09-03-2024
C1572,mary,Brown,user572@example.com,NORTH,06-26-2023
C1573,DAVID,Jones,user573@example.com,South,2023-01-30
C1574,mary,Brown,user574@example.com,south,16/08/2023
C1575,James,Brown,user575@example.com,NORTH,11/12/2024
C1576,anna,WILLIAMS,user576@example.com,north,05/12/2024
C1577,John,johnson,user577@example.com,east,11/11/2023
C1578,sarah,Jones,user578@example.com,north,03/08/2023
C1579,James,Smith,user579@example.com,West,2023/03/22
C1580,John,WILLIAMS,user580@example.com,NORTH,2024-12-08
C1581,James,Brown,user581@example.com,east,2023-03-21
C1582,sarah,Smith,user582@example.com,,2024/05/10
C1583,mary,WILLIAMS,user583@example.com,,13/02/2023
C1584,mary,Jones,,NORTH,2023-04-21
C1585,James,Brown,user585@example.com,west,2024-11-06
C1586,sarah,Jones,user586@example.com,,2024-04-25
C1587,DAVID,WILLIAMS,user587@example.com,North,2023-09-17
C1588,DAVID,Smith,user588@example.com,NORTH,03-09-2023
C1589,James,johnson,user589@example.com,east,2024-11-14
C1590,James,Brown,user590@example.com,North,2023-04-09
C1591,James,Jones,user591@example.com,south,08/09/2024
C1592,mary,Smith,user592@example.com,South,24/08/2024
C1593,mary,Smith,user593@example.com,West,07-09-2023
C1594,John,johnson,user594@example.com,NORTH,2023-01-30
C1595,anna,WILLIAMS,user595@example.com,east,05-30-2023
C1596,mary,johnson,user596@example.com,NORTH,08-16-2024
C1597,sarah,johnson,user597@example.com,west,27/12/2023
C1598,DAVID,WILLIAMS,user598@example.com,EAST,27/05/2024
C1599,DAVID,WILLIAMS,user599@example.com,north,2024-06-01
C1600,James,WILLIAMS,user600@example.com,east,2023-04-12
C1601,John,Smith,user601@example.com,North,25/06/2024
C1602,James,Smith,user602@example.com,west,07-16-2023
C1603,DAVID,Brown,user603@example.com,NORTH,2023-06-25
C1604,DAVID,Brown,user604@example.com,NORTH,12/04/2023
C1605,anna,johnson,user605@example.com,North,2024/05/31
C1606,Michael,johnson,user606@example.com,west,11/01/2024
C1607,sarah,Brown,user607@example.com,north,2024-03-26
C1608,anna,Jones,,NORTH,07-05-2023
C1609,James,johnson,user609@example.com,west,2024/01/24
C1610,Michael,Jones,user610@example.com,east,08/08/2023
C1611,DAVID,Jones,user611@example.com,EAST,2024-02-22
C1612,John,WILLIAMS,user612@example.com,west,2023-11-18
C1613,John,Smith,user613@example.com,West,2024-04-22
C1614,DAVID,Brown,user614@example.com,east,16/06/2024
C1615,mary,Smith,user615@example.com,north,05-22-2024
C1616,Michael,Brown,user616@example.com,south,12-22-2024
C1617,DAVID,Smith,user617@example.com,South,2024-07-24
C1618,John,Brown,user618@example.com,north,03-26-2023
C1619,John,Smith,user619@example.com,west,2024-05-20
C1620,Michael,WILLIAMS,user620@example.com,South,01-30-2024
C1621,sarah,Jones,user621@example.com,,04-12-2024
C1622,DAVID,Brown,user622@example.com,North,2024/12/04
C1623,anna,Jones,user623@example.com,north,2023/08/20
C1624,James,Brown,user624@example.com,east,2023/10/25
C1625,DAVID,Brown,user625@example.com,EAST,2023-07-13
C1626,sarah,WILLIAMS,user626@example.com,north,05-02-2024
C1627,Michael,Smith,user627@example.com,south,2023-07-03
C1628,Michael,Brown,user628@example.com,west,2024/11/21
C1629,John,Smith,user629@example.com,EAST,2024-11-19
C1630,sarah,WILLIAMS,user630@example.com,east,2024/02/10
C1631,Michael,johnson,user631@example.com,east,2024-06-19
C1632,mary,Jones,user632@example.com,west,03/05/2023
C1633,DAVID,Brown,user633@example.com,EAST,2024/02/09
C1634,John,WILLIAMS,user634@example.com,West,2024-12-12
C1635,anna,Smith,user635@example.com,south,2023-06-22
C1636,sarah,Brown,user636@example.com,east,08/01/2024
C1637,John,Smith,user637@example.com,north,13/12/2023
C1638,Michael,johnson,,West,2024/09/01
C1639,James,Brown,user639@example.com,NORTH,06/05/2023
C1640,Michael,Jones,user640@example.com,west,2024/03/10
C1641,anna,Brown,user641@example.com,EAST,10-13-2023
C1642,anna,Jones,user642@example.com,North,2024/10/21
C1643,anna,Smith,user643@example.com,North,2023/12/31
C1644,anna,Brown,user644@example.com,NORTH,2024/11/13
C1645,anna,WILLIAMS,user645@example.com,east,05-11-2024
C1646,mary,WILLIAMS,user646@example.com,south,2023/05/31
C1647,DAVID,johnson,user647@example.com,north,2023-04-21
C1648,sarah,WILLIAMS,user648@example.com,east,2023/09/14
C1649,John,johnson,user649@example.com,east,24/05/2024
C1650,anna,Smith,user650@example.com,west,05/10/2024
C1651,DAVID,Jones,user651@example.com,North,2023-01-31
C1652,Michael,Smith,user652@example.com,NORTH,2023-02-24
C1653,DAVID,Jones,user653@example.com,West,2024-05-25
C1654,anna,Jones,user654@example.com,,2023/07/03
C1655,James,johnson,user655@example.com,west,09-11-2024
C1656,John,WILLIAMS,user656@example.com,North,06-06-2023
C1657,anna,WILLIAMS,user657@example.com,west,2024-09-28
C1658,DAVID,johnson,user658@example.com,South,2023/03/20
C1659,Michael,johnson,user659@example.com,North,22/04/2024
C1660,DAVID,Smith,user660@example.com,North,2023/10/28
C1661,anna,johnson,,north,05-17-2024
C1662,sarah,WILLIAMS,user662@example.com,east,07-09-2024
C1663,DAVID,johnson,user663@example.com,east,2024-07-07
C1664,sarah,johnson,user664@example.com,South,2023/02/02
C1665,anna,Jones,user665@example.com,north,2023/05/02
C1666,DAVID,johnson,user666@example.com,west,04-05-2024
C1667,Michael,Smith,user667@example.com,west,2024/01/21
C1668,mary,johnson,user668@example.com,EAST,2024-04-15
C1669,mary,Brown,user669@example.com,south,03/02/2023
C1670,sarah,Brown,user670@example.com,South,07-24-2024
C1671,anna,Jones,user671@example.com,east,24/12/2024
C1672,sarah,Jones,user672@example.com,south,2024/05/18
C1673,anna,Brown,user673@example.com,west,05-18-2023
C1674,anna,Jones,user674@example.com,north,2024/02/03
C1675,mary,Jones,user675@example.com,EAST,2023/04/23
C1676,Michael,WILLIAMS,user676@example.com,west,2024/11/06
C1677,Michael,WILLIAMS,user677@example.com,west,02/05/2024
C1678,DAVID,johnson,user678@example.com,south,2024-06-02
C1679,sarah,Brown,user679@example.com,east,02-05-2024
C1680,Michael,Smith,user680@example.com,South,2024/05/21
C1681,James,Brown,user681@example.com,West,09-23-2024
C1682,John,Brown,user682@example.com,North,10-19-2023
C1683,DAVID,WILLIAMS,user683@example.com,south,2023-03-04
C1684,DAVID,WILLIAMS,user684@example.com,South,2024-08-27
C1685,mary,Jones,user685@example.com,South,05-12-2023
C1686,sarah,Smith,user686@example.com,east,2023-12-24
C1687,James,WILLIAMS,user687@example.com,west,10-02-2024
C1688,Michael,Jones,user688@example.com,south,2024-01-25
C1689,Michael,Smith,user689@example.com,north,03-14-2024
C1690,anna,WILLIAMS,user690@example.com,EAST,2024/01/01
C1691,DAVID,Brown,user691@example.com,NORTH,2023-12-26
C1692,sarah,Brown,user692@example.com,EAST,08/11/2024
C1693,sarah,Smith,user693@example.com,south,11/09/2023
C1694,sarah,Smith,user694@example.com,South,10-25-2024
C1695,anna,WILLIAMS,user695@example.com,South,2024-08-29
C1696,mary,WILLIAMS,user696@example.com,South,2024-12-05
C1697,Michael,Smith,user697@example.com,South,2023-11-09
C1698,sarah,Smith,user698@example.com,South,12/12/2023
C1699,James,Jones,user699@example.com,EAST,01-21-2023
C1700,James,Jones,user700@example.com,north,2023/02/08
C1701,anna,Jones,user701@example.com,north,2024/11/04
C1702,mary,Brown,user702@example.com,West,2024/08/04
C1703,anna,Brown,user703@example.com,west,2023-10-01
C1704,John,Jones,user704@example.com,West,2024/12/13
C1705,DAVID,Jones,user705@example.com,EAST,2024-08-25
C1706,Michael,Smith,,south,2023/11/21
C1707,anna,Brown,user707@example.com,west,2024/08/07
C1708,anna,Jones,,South,2023-11-27
C1709,Michael,johnson,user709@example.com,NORTH,2024-05-15
C1710,DAVID,WILLIAMS,user710@example.com,east,08/12/2024
C1711,John,Jones,user711@example.com,west,2023/12/11
C1712,James,Brown,user712@example.com,,05-29-2024
C1713,James,Jones,user713@example.com,NORTH,06-20-2023
C1714,mary,johnson,user714@example.com,north,2024/01/08
C1715,anna,Smith,user715@example.com,West,2023/07/26
C1716,DAVID,Brown,user716@example.com,North,2024-10-12
C1717,mary,Smith,user717@example.com,,02/07/2024
C1718,James,WILLIAMS,user718@example.com,north,10-22-2023
C1719,mary,Smith,user719@example.com,south,02-18-2023
C1720,mary,Jones,user720@example.com,south,2024/08/10
C1721,John,johnson,user721@example.com,West,2023-08-20
C1722,John,Smith,user722@example.com,EAST,2024-08-15
C1723,mary,johnson,user723@example.com,West,08-29-2024
C1724,sarah,Brown,user724@example.com,east,2023-10-07
C1725,Michael,Brown,user725@example.com,EAST,2024/08/03
C1726,James,Jones,user726@example.com,east,13/03/2024
C1727,James,Jones,user727@example.com,NORTH,2023-12-22
C1728,John,Jones,,South,10-29-2024
C1729,sarah,johnson,user729@example.com,south,05-31-2024
C1730,sarah,WILLIAMS,user730@example.com,west,03-19-2024
C1731,anna,WILLIAMS,user731@example.com,east,2023/07/24
C1732,Michael,WILLIAMS,user732@example.com,NORTH,02-16-2024
C1733,mary,Brown,user733@example.com,North,2024/10/01
C1734,anna,Brown,user734@example.com,West,18/11/2024
C1735,anna,WILLIAMS,user735@example.com,west,20/01/2023
C1736,sarah,Jones,user736@example.com,EAST,2024/08/13
C1737,sarah,Smith,user737@example.com,south,2023/08/07
C1738,sarah,WILLIAMS,user738@example.com,North,2023/10/02
C1739,mary,Smith,user739@example.com,NORTH,2024-08-02
C1740,mary,WILLIAMS,user740@example.com,south,18/06/2024
C1741,anna,Smith,user741@example.com,north,2024/01/09
C1742,anna,Jones,user742@example.com,EAST,01/06/2023
C1743,John,Brown,user743@example.com,EAST,06-04-2023
C1744,James,WILLIAMS,user744@example.com,south,2024/03/21
C1745,James,WILLIAMS,user745@example.com,east,2023-11-23
C1746,James,Jones,user746@example.com,South,11/10/2024
C1747,John,johnson,user747@example.com,west,02-27-2024
C1748,James,WILLIAMS,user748@example.com,south,21/10/2023
C1749,sarah,Smith,user749@example.com,west,20/09/2023
C1750,mary,Jones,user750@example.com,West,20/02/2024
C1751,mary,johnson,user751@example.com,east,27/04/2023
C1752,James,WILLIAMS,user752@example.com,West,2023-07-16
C1753,anna,WILLIAMS,user753@example.com,NORTH,09-09-2023
C1754,Michael,Brown,user754@example.com,EAST,2024/04/20
C1755,sarah,johnson,user755@example.com,east,2024/07/27
C1756,John,Jones,user756@example.com,north,2024-03-08
C1757,Michael,Smith,user757@example.com,EAST,26/07/2023
C1758,mary,WILLIAMS,user758@example.com,EAST,07/10/2023
C1759,James,Jones,user759@example.com,south,01-30-2023
C1760,John,Brown,user760@example.com,east,12/10/2023
C1761,sarah,WILLIAMS,user761@example.com,West,2024-10-21
C1762,mary,johnson,user762@example.com,EAST,2024-05-12
C1763,James,Jones,user763@example.com,west,2023-02-26
C1764,sarah,Smith,user764@example.com,east,11-18-2023
C1765,anna,Brown,user765@example.com,North,2023/03/07
C1766,Michael,Jones,user766@example.com,South,2024-01-08
C1767,Michael,WILLIAMS,user767@example.com,north,11/02/2024
C1768,Michael,Smith,user768@example.com,east,2023-08-30
C1769,DAVID,WILLIAMS,user769@example.com,north,2024-08-07
C1770,James,WILLIAMS,user770@example.com,West,06-18-2024
C1771,sarah,johnson,user771@example.com,North,2024-05-23
C1772,Michael,johnson,user772@example.com,west,2023-09-01
C1773,James,WILLIAMS,user773@example.com,north,11-17-2023
C1774,anna,Brown,user774@example.com,NORTH,2024/08/21
C1775,Michael,johnson,user775@example.com,east,2023/08/30
C1776,sarah,johnson,user776@example.com,South,12/08/2023
C1777,James,johnson,user777@example.com,West,20/04/2023
C1778,Michael,johnson,user778@example.com,NORTH,08-08-2023
C1779,sarah,Smith,user779@example.com,NORTH,2024/03/26
C1780,mary,WILLIAMS,user780@example.com,,2023-09-18
C1781,anna,Smith,user781@example.com,EAST,05-17-2024
C1782,James,Jones,user782@example.com,West,2024-12-17
C1783,sarah,Jones,user783@example.com,west,2023/11/21
C1784,sarah,Jones,user784@example.com,west,01/05/2024
C1785,DAVID,Smith,user785@example.com,west,12/10/2023
C1786,James,WILLIAMS,user786@example.com,West,2024/01/07
C1787,mary,Jones,user787@example.com,east,01-12-2024
C1788,James,johnson,,west,2023-01-22
C1789,anna,Jones,user789@example.com,EAST,2024-11-09
C1790,DAVID,Brown,user790@example.com,South,08/12/2024
C1791,James,johnson,user791@example.com,West,2023/09/17
C1792,James,johnson,user792@example.com,east,11-13-2023
C1793,Michael,johnson,user793@example.com,south,2024-12-02
C1794,sarah,Jones,user794@example.com,,01/07/2024
C1795,anna,johnson,user795@example.com,NORTH,2024/03/29
C1796,mary,Brown,user796@example.com,West,2023/01/09
C1797,DAVID,Smith,user797@example.com,West,09-19-2023
C1798,sarah,Brown,user798@example.com,West,03/04/2023
C1799,John,WILLIAMS,user799@example.com,east,01/11/2023
C1800,anna,johnson,user800@example.com,South,2023/06/14
C1801,DAVID,Brown,user801@example.com,west,10-08-2024
C1802,mary,Jones,user802@example.com,east,2024/10/21
C1803,DAVID,WILLIAMS,user803@example.com,east,02-04-2023
C1804,DAVID,Brown,user804@example.com,NORTH,2023/03/24
C1805,DAVID,johnson,user805@example.com,east,2024/04/27
C1806,Michael,Jones,user806@example.com,South,2023/12/07
C1807,John,johnson,user807@example.com,east,13/04/2023
C1808,mary,WILLIAMS,user808@example.com,west,12-16-2024
C1809,mary,Brown,user809@example.com,south,2024-06-02
C1810,mary,johnson,,west,2023/12/27
C1811,sarah,WILLIAMS,user811@example.com,east,09-08-2024
C1812,anna,Jones,user812@example.com,north,2024-04-09
C1813,mary,Brown,user813@example.com,south,23/02/2023
C1814,anna,Brown,user814@example.com,West,2024/10/07
C1815,mary,WILLIAMS,user815@example.com,south,18/10/2024
C1816,John,Brown,user816@example.com,West,2023/01/04
C1817,sarah,Jones,user817@example.com,North,07-24-2023
C1818,sarah,Jones,user818@example.com,west,2023-11-18
C1819,DAVID,Brown,user819@example.com,,24/04/2023
C1820,Michael,johnson,user820@example.com,south,13/09/2023
C1821,sarah,johnson,user821@example.com,West,2024/08/31
C1822,sarah,Jones,user822@example.com,South,2023/11/24
C1823,John,johnson,user823@example.com,North,04/05/2024
C1824,mary,WILLIAMS,user824@example.com,EAST,24/09/2023
C1825,James,Smith,user825@example.com,West,12-04-2024
C1826,sarah,Brown,user826@example.com,West,16/10/2023
C1827,sarah,WILLIAMS,user827@example.com,North,2023/03/28
C1828,James,Jones,user828@example.com,NORTH,12/01/2024
C1829,Michael,Smith,user829@example.com,east,2024/02/07
C1830,anna,Jones,user830@example.com,West,07/08/2024
C1831,John,Smith,user831@example.com,south,2023-01-22
C1832,James,WILLIAMS,user832@example.com,North,25/07/2024
C1833,James,Smith,user833@example.com,South,2023/04/02
C1834,Michael,johnson,user834@example.com,West,07-23-2023
C1835,sarah,WILLIAMS,user835@example.com,North,19/12/2024
C1836,sarah,Brown,user836@example.com,north,2023/02/20
C1837,John,Jones,user837@example.com,South,2024/09/24
C1838,DAVID,johnson,user838@example.com,south,09-06-2024
C1839,DAVID,Brown,user839@example.com,NORTH,2023-06-02
C1840,James,Smith,user840@example.com,North,12/01/2024
C1841,sarah,johnson,user841@example.com,west,2024-08-03
C1842,James,Brown,user842@example.com,south,2023/01/15
C1843,James,WILLIAMS,user843@example.com,south,2024/04/09
C1844,sarah,Smith,user844@example.com,North,02/05/2023
C1845,Michael,Brown,user845@example.com,South,31/12/2024
C1846,anna,Smith,user846@example.com,South,07-15-2023
C1847,anna,Brown,user847@example.com,EAST,2023/10/22
C1848,Michael,Jones,user848@example.com,,27/01/2024
C1849,James,WILLIAMS,user849@example.com,north,17/03/2024
C1850,Michael,johnson,user850@example.com,South,06/09/2024
C1851,mary,Brown,user851@example.com,,17/10/2023
C1852,sarah,Smith,user852@example.com,,04/03/2024
C1853,mary,WILLIAMS,user853@example.com,West,23/02/2024
C1854,DAVID,johnson,user854@example.com,NORTH,01-30-2023
C1855,sarah,Smith,user855@example.com,north,26/09/2023
C1856,sarah,WILLIAMS,user856@example.com,West,2024/09/24
C1857,John,Smith,user857@example.com,EAST,09-12-2023
C1858,sarah,WILLIAMS,user858@example.com,North,2024/08/19
C1859,DAVID,johnson,user859@example.com,NORTH,2023-03-29
C1860,anna,johnson,user860@example.com,north,25/04/2024
C1861,anna,Smith,user861@example.com,South,2023/11/28
C1862,James,WILLIAMS,user862@example.com,west,04/12/2024
C1863,sarah,Brown,user863@example.com,EAST,2024/12/31
C1864,anna,johnson,user864@example.com,West,2024/12/26
C1865,mary,Brown,user865@example.com,North,09-03-2024
C1866,James,Brown,user866@example.com,EAST,2023-03-16
C1867,sarah,Jones,user867@example.com,south,2024-07-24
C1868,mary,Smith,user868@example.com,West,02-23-2023
C1869,Michael,Smith,user869@example.com,west,2023/08/29
C1870,Michael,Smith,user870@example.com,West,2023-12-29
C1871,John,WILLIAMS,user871@example.com,NORTH,01-06-2023
C1872,sarah,johnson,user872@example.com,EAST,2024/05/31
C1873,Michael,johnson,user873@example.com,south,2023/11/06
C1874,Michael,Jones,user874@example.com,west,11-18-2024
C1875,anna,Jones,user875@example.com,west,2023-05-16
C1876,John,Jones,user876@example.com,south,17/08/2024
C1877,John,Brown,user877@example.com,west,24/09/2023
C1878,anna,Smith,user878@example.com,North,2024/05/30
C1879,sarah,WILLIAMS,user879@example.com,west,2023/12/14
C1880,mary,johnson,user880@example.com,NORTH,2023-05-16
C1881,James,WILLIAMS,user881@example.com,EAST,2023/11/21
C1882,sarah,Smith,user882@example.com,South,05-26-2023
C1883,mary,Smith,user883@example.com,north,04-30-2023
C1884,John,johnson,user884@example.com,west,15/02/2023
C1885,DAVID,Brown,,South,05-26-2024
C1886,sarah,Jones,user886@example.com,West,2024/01/05
C1887,DAVID,Brown,user887@example.com,NORTH,10-17-2023
C1888,mary,Smith,,EAST,09-19-2024
C1889,sarah,Smith,user889@example.com,EAST,06-13-2024
C1890,DAVID,Brown,user890@example.com,west,22/03/2024
C1891,DAVID,Jones,user891@example.com,North,2023/11/20
C1892,James,Jones,user892@example.com,NORTH,2023/06/04
C1893,sarah,Smith,user893@example.com,North,24/02/2023
C1894,DAVID,Jones,user894@example.com,West,2023-06-02
C1895,James,Jones,user895@example.com,North,24/08/2023
C1896,James,johnson,user896@example.com,east,2023/02/06
C1897,sarah,johnson,user897@example.com,west,24/09/2023
C1898,DAVID,WILLIAMS,user898@example.com,south,2024/12/23
C1899,James,Brown,user899@example.com,,2024-03-22
C1900,John,Smith,user900@example.com,north,2024-05-21
C1901,sarah,Jones,user901@example.com,,03-28-2024
C1902,John,WILLIAMS,user902@example.com,West,2024/12/27
C1903,anna,johnson,user903@example.com,north,2024/04/13
C1904,Michael,Jones,user904@example.com,North,26/04/2023
C1905,John,Brown,user905@example.com,east,05-07-2023
C1906,DAVID,johnson,user906@example.com,North,06/04/2023
C1907,mary,Smith,user907@example.com,south,18/10/2023
C1908,anna,Jones,user908@example.com,north,06-22-2023
C1909,John,WILLIAMS,user909@example.com,north,30/07/2024
C1910,James,Smith,user910@example.com,west,2024-08-20
C1911,anna,Jones,user911@example.com,South,22/06/2024
C1912,John,Jones,user912@example.com,South,2024-03-02
C1913,James,Jones,user913@example.com,South,2023/09/10
C1914,John,Jones,user914@example.com,NORTH,2024-11-24
C1915,mary,Jones,user915@example.com,west,2023-12-03
C1916,mary,Smith,user916@example.com,north,2023-10-19
C1917,James,Brown,,EAST,02-08-2024
C1918,John,Brown,user918@example.com,east,2024-08-27
C1919,Michael,Smith,user919@example.com,NORTH,28/11/2023
C1920,mary,Brown,user920@example.com,west,2023-01-30
C1921,mary,WILLIAMS,user921@example.com,EAST,2024/04/16
C1922,mary,WILLIAMS,user922@example.com,west,04-09-2024
C1923,sarah,Smith,user923@example.com,West,2024-08-31
C1924,anna,WILLIAMS,user924@example.com,EAST,2023-12-04
C1925,John,Smith,user925@example.com,EAST,2024/11/02
C1926,Michael,WILLIAMS,user926@example.com,east,29/11/2023
C1927,mary,johnson,user927@example.com,east,2023-08-05
C1928,sarah,Smith,user928@example.com,EAST,10-21-2024
C1929,anna,Jones,user929@example.com,west,2023-11-27
C1930,DAVID,WILLIAMS,user930@example.com,west,2023/03/14
C1931,James,johnson,user931@example.com,south,2023/04/05
C1932,DAVID,Smith,user932@example.com,West,19/09/2023
C1933,mary,WILLIAMS,user933@example.com,east,2023/09/03
C1934,Michael,Jones,user934@example.com,,2023-04-02
C1935,Michael,WILLIAMS,user935@example.com,,02/08/2023
C1936,anna,johnson,user936@example.com,North,2024/02/02
C1937,anna,Brown,user937@example.com,south,19/10/2023
C1938,John,Brown,user938@example.com,,05-04-2023
C1939,James,johnson,user939@example.com,South,2024/05/17
C1940,James,johnson,user940@example.com,North,14/11/2023
C1941,mary,Smith,user941@example.com,south,2024-01-03
C1942,DAVID,Brown,user942@example.com,west,12/01/2024
C1943,John,Smith,user943@example.com,NORTH,2024/05/16
C1944,Michael,WILLIAMS,user944@example.com,West,2024/02/02
C1945,John,johnson,user945@example.com,NORTH,2023/10/02
C1946,DAVID,Smith,user946@example.com,South,2023/04/03
C1947,Michael,johnson,user947@example.com,south,13/01/2024
C1948,anna,Smith,user948@example.com,east,2024/03/20
C1949,sarah,WILLIAMS,user949@example.com,South,2023-04-06
C1950,sarah,WILLIAMS,user950@example.com,EAST,06-09-2024
C1951,anna,Jones,user951@example.com,NORTH,19/04/2024
C1952,mary,Brown,user952@example.com,north,25/10/2024
C1953,John,Jones,user953@example.com,south,2024-05-22
C1954,Michael,Brown,user954@example.com,,2023/10/25
C1955,anna,WILLIAMS,user955@example.com,east,2024-03-23
C1956,James,Smith,user956@example.com,North,05-04-2024
C1957,anna,johnson,user957@example.com,EAST,02/06/2023
C1958,mary,WILLIAMS,user958@example.com,east,12-01-2024
C1959,John,WILLIAMS,,north,2023/09/12
C1960,anna,Smith,user960@example.com,South,2023-10-30
C1961,James,WILLIAMS,user961@example.com,North,2024-07-18
C1962,DAVID,WILLIAMS,user962@example.com,east,2023-02-16
C1963,James,Smith,user963@example.com,west,2024/06/06
C1964,anna,WILLIAMS,user964@example.com,,2024-02-27
C1965,Michael,Brown,user965@example.com,NORTH,04-20-2024
C1966,James,Brown,user966@example.com,South,12-30-2023
C1967,John,Brown,user967@example.com,east,2024-08-22
C1968,James,Brown,user968@example.com,west,2024-05-30
C1969,Michael,WILLIAMS,user969@example.com,east,2023/04/27
C1970,James,johnson,user970@example.com,east,03/07/2023
C1971,John,Brown,user971@example.com,EAST,2024-02-07
C1972,DAVID,Brown,user972@example.com,North,2023/03/27
C1973,Michael,WILLIAMS,user973@example.com,south,12-22-2024
C1974,sarah,Jones,user974@example.com,west,2023/11/18
C1975,anna,WILLIAMS,,NORTH,2024/11/17
C1976,DAVID,Smith,user976@example.com,West,09-30-2024
C1977,John,Brown,user977@example.com,West,16/12/2023
C1978,Michael,Smith,user978@example.com,South,05/08/2023
C1979,anna,Brown,user979@example.com,west,03-22-2023
C1980,DAVID,Jones,user980@example.com,north,2024-11-20
C1981,John,johnson,user981@example.com,east,2024-03-20
C1982,James,Jones,user982@example.com,north,2023/01/06
C1983,sarah,WILLIAMS,user983@example.com,east,2023-04-30
C1984,James,WILLIAMS,user984@example.com,EAST,2023/06/25
C1985,sarah,Smith,user985@example.com,EAST,2024/04/16
C1986,John,Smith,user986@example.com,North,2024/11/04
C1987,sarah,WILLIAMS,,NORTH,11-07-2023
C1988,DAVID,WILLIAMS,user988@example.com,West,2024/12/08
C1989,anna,WILLIAMS,user989@example.com,West,2023-11-06
C1990,James,Brown,user990@example.com,,09/05/2023
C1991,sarah,Jones,user991@example.com,South,15/01/2023
C1992,anna,Brown,user992@example.com,NORTH,2023-04-25
C1993,mary,johnson,user993@example.com,north,13/12/2024
C1994,sarah,Brown,user994@example.com,North,28/01/2023
C1995,mary,WILLIAMS,user995@example.com,NORTH,07/05/2024
C1996,anna,Brown,user996@example.com,south,27/10/2024
C1997,Michael,Smith,user997@example.com,,22/03/2024
C1998,anna,WILLIAMS,user998@example.com,north,03-30-2023
C1999,DAVID,Jones,user999@example.com,West,19/04/2024
C2000,Michael,Brown,user1000@example.com,,2024/04/30
C2001,James,WILLIAMS,user1001@example.com,west,2023-01-23
C2002,Michael,Smith,user1002@example.com,west,20/06/2023
C2003,James,Smith,user1003@example.com,south,2024/12/20
C2004,sarah,Brown,user1004@example.com,NORTH,2024/05/11
C2005,sarah,WILLIAMS,user1005@example.com,North,2023/01/21
C2006,sarah,Jones,user1006@example.com,west,22/08/2024
C2007,James,johnson,user1007@example.com,,07-26-2023
C2008,anna,Smith,user1008@example.com,south,2024/08/06
C2009,Michael,johnson,user1009@example.com,south,02-22-2023
C2010,DAVID,Jones,user1010@example.com,North,2023-01-09
C2011,DAVID,Brown,user1011@example.com,south,2024/10/07
C2012,James,Smith,user1012@example.com,EAST,2024/03/01
C2013,mary,johnson,user1013@example.com,North,08-15-2024
C2014,James,Smith,user1014@example.com,east,2023/02/07
C2015,John,johnson,user1015@example.com,east,2024/02/14
C2016,DAVID,WILLIAMS,user1016@example.com,north,2024/06/09
C2017,sarah,WILLIAMS,user1017@example.com,West,2023-08-26
C2018,mary,Brown,user1018@example.com,west,2024-06-24
C2019,James,Jones,user1019@example.com,South,03-08-2024
C2020,sarah,Smith,user1020@example.com,West,2024-07-20
C2021,Michael,Jones,user1021@example.com,North,2023/10/02
C2022,Michael,johnson,,,2024-04-29
C2023,anna,Brown,user1023@example.com,south,05-21-2024
C2024,sarah,WILLIAMS,,east,2024/04/04
C2025,DAVID,WILLIAMS,user1025@example.com,North,22/01/2023
C2026,John,Brown,user1026@example.com,EAST,22/10/2023
C2027,sarah,Smith,user1027@example.com,south,04-25-2024
C2028,James,Jones,user1028@example.com,west,24/03/2024
C2029,DAVID,johnson,user1029@example.com,North,03/06/2024
C2030,mary,Jones,user1030@example.com,east,08-24-2024
C2031,sarah,WILLIAMS,user1031@example.com,North,2024/09/08
C2032,mary,Brown,user1032@example.com,south,05-15-2023
C2033,DAVID,WILLIAMS,user1033@example.com,EAST,2024/12/29
C2034,James,WILLIAMS,user1034@example.com,NORTH,03-02-2024
C2035,DAVID,johnson,user1035@example.com,east,28/04/2024
C2036,DAVID,Smith,user1036@example.com,South,28/09/2024
C2037,DAVID,Smith,user1037@example.com,NORTH,2023-10-17
C2038,Michael,johnson,user1038@example.com,south,2024/11/14
C2039,anna,Brown,user1039@example.com,EAST,13/05/2023
C2040,DAVID,Jones,user1040@example.com,NORTH,24/07/2023
C2041,Michael,Brown,user1041@example.com,NORTH,2024/09/12
C2042,John,Jones,user1042@example.com,South,2023/04/14
C2043,Michael,Smith,user1043@example.com,south,05-20-2024
C2044,mary,WILLIAMS,user1044@example.com,west,29/08/2023
C2045,John,WILLIAMS,user1045@example.com,east,2024-07-24
C2046,mary,Brown,user1046@example.com,NORTH,01-19-2023
C2047,anna,johnson,user1047@example.com,NORTH,09-25-2023
C2048,sarah,Jones,user1048@example.com,west,24/11/2024
C2049,sarah,WILLIAMS,user1049@example.com,north,2023-06-28
C2050,Michael,Brown,user1050@example.com,NORTH,03-07-2023
C2051,James,johnson,user1051@example.com,EAST,2024-03-16
C2052,mary,Smith,user1052@example.com,east,24/09/2024
C2053,anna,johnson,,south,04/05/2023
C2054,sarah,Smith,user1054@example.com,south,05-13-2024
C2055,anna,Brown,,South,12-15-2023
C2056,anna,johnson,,NORTH,02-17-2023
C2057,sarah,Brown,user1057@example.com,,2023-06-04
C2058,sarah,Smith,user1058@example.com,south,2024-12-24
C2059,James,WILLIAMS,user1059@example.com,South,2024/03/24
C2060,John,WILLIAMS,user1060@example.com,South,2023-04-24
C2061,John,Smith,,EAST,2024-09-17
C2062,DAVID,Jones,user1062@example.com,West,2024-07-29
C2063,mary,Jones,user1063@example.com,West,2024-06-03
C2064,sarah,WILLIAMS,user1064@example.com,EAST,2023-06-21
C2065,anna,WILLIAMS,user1065@example.com,east,07-30-2023
C2066,mary,johnson,user1066@example.com,NORTH,06-10-2023
C2067,DAVID,johnson,user1067@example.com,South,2024/12/26
C2068,anna,WILLIAMS,user1068@example.com,,2024/06/02
C2069,Michael,Jones,user1069@example.com,North,12/04/2023
C2070,DAVID,johnson,user1070@example.com,east,10-24-2024
C2071,sarah,Smith,user1071@example.com,South,09/12/2023
C2072,Michael,johnson,user1072@example.com,north,06/05/2023
C2073,Michael,johnson,user1073@example.com,West,2024/03/25
C2074,DAVID,johnson,user1074@example.com,West,07/01/2023
C2075,sarah,Brown,user1075@example.com,West,04-30-2024
C2076,anna,Smith,,east,21/10/2023
C2077,Michael,WILLIAMS,user1077@example.com,North,03-29-2023
C2078,DAVID,Jones,user1078@example.com,east,2024/01/17
C2079,DAVID,Jones,user1079@example.com,east,05/01/2024
C2080,anna,WILLIAMS,user1080@example.com,west,2023/06/05
C2081,sarah,Brown,user1081@example.com,North,22/08/2023
C2082,DAVID,Jones,user1082@example.com,West,2024/03/15
C2083,DAVID,johnson,user1083@example.com,North,2024/02/24
C2084,DAVID,Jones,user1084@example.com,South,06-12-2024
C2085,mary,Smith,user1085@example.com,east,2023/01/31
C2086,John,Smith,user1086@example.com,North,2023-05-30
C2087,anna,WILLIAMS,user1087@example.com,west,2024-06-13
C2088,mary,Brown,user1088@example.com,North,03-28-2023
C2089,DAVID,Brown,user1089@example.com,West,2023/11/19
C2090,John,Jones,user1090@example.com,south,2023/06/18
C2091,anna,Brown,user1091@example.com,south,2023/03/04
C2092,Michael,Brown,user1092@example.com,east,07/02/2023
C2093,James,Jones,user1093@example.com,North,2024-08-11
C2094,anna,Smith,user1094@example.com,NORTH,10-08-2024
C2095,mary,johnson,user1095@example.com,West,2024/03/05
C2096,mary,WILLIAMS,user1096@example.com,west,11-28-2024
C2097,mary,Smith,user1097@example.com,west,11-18-2023
C2098,anna,Brown,,east,01-09-2023
C2099,sarah,Brown,user1099@example.com,North,24/06/2024
C2100,DAVID,Jones,user1100@example.com,South,2024/12/18
C2101,anna,WILLIAMS,user1101@example.com,north,01/04/2024
C2102,Michael,johnson,,NORTH,2024/07/11
C2103,James,Jones,user1103@example.com,north,12-15-2024
C2104,Michael,Jones,user1104@example.com,West,2024/10/26
C2105,Michael,johnson,user1105@example.com,north,07-22-2023
C2106,DAVID,johnson,user1106@example.com,east,2023-03-28
C2107,John,Brown,user1107@example.com,west,07-04-2024
C2108,James,Jones,user1108@example.com,NORTH,04/02/2024
C2109,mary,Smith,user1109@example.com,east,06-16-2024
C2110,DAVID,Smith,user1110@example.com,,2023-08-07
C2111,mary,Jones,user1111@example.com,EAST,06-07-2024
C2112,DAVID,johnson,user1112@example.com,NORTH,06-17-2024
C2113,mary,WILLIAMS,user1113@example.com,NORTH,12/10/2024
C2114,DAVID,johnson,user1114@example.com,North,2023-01-24
C2115,John,johnson,,south,07-06-2024
C2116,anna,WILLIAMS,user1116@example.com,West,09-05-2023
C2117,Michael,johnson,user1117@example.com,NORTH,2024-03-08
C2118,mary,WILLIAMS,user1118@example.com,NORTH,03-03-2023
C2119,DAVID,Jones,user1119@example.com,North,09-23-2023
C2120,John,WILLIAMS,user1120@example.com,south,2023-05-07
C2121,John,Smith,user1121@example.com,,2024-10-28
C2122,Michael,WILLIAMS,user1122@example.com,West,04-04-2024
C2123,DAVID,johnson,user1123@example.com,North,2024-08-09
C2124,anna,Jones,user1124@example.com,West,04-09-2024
C2125,mary,WILLIAMS,user1125@example.com,West,30/08/2023
C2126,anna,johnson,user1126@example.com,West,12-25-2023
C2127,James,WILLIAMS,user1127@example.com,North,19/10/2023
C2128,James,Jones,user1128@example.com,west,22/01/2024
C2129,sarah,Jones,user1129@example.com,west,04-18-2023
C2130,John,Smith,user1130@example.com,South,12/06/2024
C2131,James,Jones,user1131@example.com,,2024/01/05
C2132,John,johnson,user1132@example.com,EAST,11/04/2023
C2133,Michael,Jones,user1133@example.com,,2024/12/29
C2134,DAVID,Jones,user1134@example.com,south,2024-02-26
C2135,sarah,johnson,user1135@example.com,north,2023-04-05
C2136,sarah,johnson,user1136@example.com,,11/03/2024
C2137,sarah,Jones,user1137@example.com,NORTH,02/05/2024
C2138,DAVID,Jones,user1138@example.com,south,2024-04-01
C2139,mary,WILLIAMS,user1139@example.com,west,2024/01/14
C2140,John,Jones,user1140@example.com,West,2024/08/25
C2141,DAVID,Smith,user1141@example.com,EAST,2023/09/28
C2142,James,Smith,user1142@example.com,north,2024/10/13
C2143,sarah,Smith,user1143@example.com,EAST,2024/03/26
C2144,John,Smith,user1144@example.com,east,02/03/2024
C2145,James,Jones,user1145@example.com,east,28/05/2023
C2146,John,WILLIAMS,user1146@example.com,north,2024/05/11
C2147,sarah,johnson,user1147@example.com,NORTH,2023-05-13
C2148,sarah,Jones,user1148@example.com,south,12/12/2024
C2149,John,Brown,user1149@example.com,east,2024/04/11
C2150,Michael,Jones,user1150@example.com,South,03/02/2023
C2151,anna,Smith,user1151@example.com,north,07-26-2024
C2152,anna,Brown,user1152@example.com,west,2023/05/02
C2153,John,Jones,user1153@example.com,West,2023-04-23
C2154,mary,WILLIAMS,user1154@example.com,south,01-14-2024
C2155,mary,WILLIAMS,user1155@example.com,EAST,11/02/2023
C2156,James,Brown,user1156@example.com,EAST,05-01-2023
C2157,Michael,johnson,user1157@example.com,West,11-09-2023
C2158,DAVID,Brown,user1158@example.com,West,11-07-2023
C2159,John,WILLIAMS,user1159@example.com,NORTH,2024-05-12
C2160,mary,Brown,user1160@example.com,South,27/05/2023
C2161,John,Smith,user1161@example.com,South,2024/08/26
C2162,Michael,Smith,,,02-19-2023
C2163,James,johnson,user1163@example.com,,18/10/2023
C2164,sarah,Brown,user1164@example.com,north,2023/07/07
C2165,Michael,Brown,user1165@example.com,South,2023-01-03
C2166,Michael,Brown,user1166@example.com,east,07-14-2024
C2167,James,Brown,user1167@example.com,EAST,2023-03-11
C2168,Michael,johnson,user1168@example.com,South,2024/03/03
C2169,mary,WILLIAMS,user1169@example.com,,08-09-2024
C2170,James,Jones,user1170@example.com,south,2024/08/02
C2171,Michael,johnson,user1171@example.com,north,2023/12/12
C2172,sarah,WILLIAMS,user1172@example.com,west,01/05/2024
C2173,sarah,WILLIAMS,user1173@example.com,North,2023/05/22
C2174,sarah,WILLIAMS,user1174@example.com,EAST,2024/04/05
C2175,DAVID,Brown,user1175@example.com,North,06-02-2023
C2176,James,johnson,user1176@example.com,South,2023/04/02
C2177,Michael,WILLIAMS,user1177@example.com,EAST,01/02/2024
C2178,sarah,Jones,user1178@example.com,West,02-09-2024
C2179,DAVID,Jones,user1179@example.com,North,2024-07-07
C2180,Michael,Smith,user1180@example.com,West,2024/11/17
C2181,Michael,WILLIAMS,user1181@example.com,West,2023-10-12
C2182,John,johnson,user1182@example.com,west,2023-06-19
C2183,Michael,Brown,user1183@example.com,West,08-08-2024
C2184,anna,Smith,user1184@example.com,east,2024-07-28
C2185,John,WILLIAMS,user1185@example.com,North,2024-10-21
C2186,James,Brown,user1186@example.com,south,2023-07-17
C2187,mary,johnson,user1187@example.com,EAST,06/08/2024
C2188,anna,johnson,user1188@example.com,North,2024-05-02
C2189,mary,Smith,user1189@example.com,EAST,04/05/2023
C2190,DAVID,Smith,user1190@example.com,EAST,01-20-2023
C2191,anna,WILLIAMS,user1191@example.com,NORTH,30/07/2023
C2192,John,Brown,user1192@example.com,North,2024/12/23
C2193,mary,Jones,user1193@example.com,east,03-28-2023
C2194,mary,Brown,user1194@example.com,NORTH,2024-02-16
C2195,mary,johnson,user1195@example.com,east,2024-05-18
C2196,Michael,johnson,user1196@example.com,north,2023/12/15
C2197,John,WILLIAMS,user1197@example.com,south,2023/07/04
C2198,mary,Jones,user1198@example.com,EAST,01-25-2023
C2199,John,WILLIAMS,user1199@example.com,south,01-27-2024
C2178,sarah,Jones,user1178@example.com,West,02-09-2024
C1865,mary,Brown,user865@example.com,North,09-03-2024
C1101,anna,Jones,user101@example.com,south,2024-07-16
C1439,anna,WILLIAMS,user439@example.com,,29/11/2024
C1058,James,Brown,user58@example.com,North,07-07-2023
C2120,John,WILLIAMS,user1120@example.com,south,2023-05-07
C1323,John,Smith,user323@example.com,West,2023-07-16
C1974,sarah,Jones,user974@example.com,west,2023/11/18
C1411,anna,Smith,user411@example.com,North,2024-04-21
C1855,sarah,Smith,user855@example.com,north,26/09/2023
C1820,Michael,johnson,user820@example.com,south,13/09/2023
C1044,DAVID,Jones,,west,2023-02-25
C1049,John,Jones,user49@example.com,east,2023-07-22
C1849,James,WILLIAMS,user849@example.com,north,17/03/2024
C1240,James,WILLIAMS,user240@example.com,West,24/05/2024
C1170,Michael,Brown,user170@example.com,South,11/05/2024
C1523,anna,Smith,,South,08-22-2024
C1765,anna,Brown,user765@example.com,North,2023/03/07
C1838,DAVID,johnson,user838@example.com,south,09-06-2024
C1423,sarah,Brown,,North,03-06-2023
C1380,Michael,WILLIAMS,user380@example.com,west,2024-03-03
C1609,James,johnson,user609@example.com,west,2024/01/24
C1676,Michael,WILLIAMS,user676@example.com,west,2024/11/06
C1344,sarah,johnson,user344@example.com,EAST,11-24-2024
C1109,mary,johnson,user109@example.com,North,21/03/2024
C1277,mary,johnson,user277@example.com,West,16/08/2024
C1677,Michael,WILLIAMS,user677@example.com,west,02/05/2024
C1570,anna,Brown,user570@example.com,West,2023/05/23
C1358,mary,Brown,user358@example.com,west,10-09-2024
C1598,DAVID,WILLIAMS,user598@example.com,EAST,27/05/2024
C1390,anna,johnson,user390@example.com,South,01-03-2024
C1893,sarah,Smith,user893@example.com,North,24/02/2023
C1692,sarah,Brown,user692@example.com,EAST,08/11/2024
C1727,James,Jones,user727@example.com,NORTH,2023-12-22
C1362,sarah,Smith,user362@example.com,EAST,15/10/2023
C1596,mary,johnson,user596@example.com,NORTH,08-16-2024
C1427,Michael,Brown,user427@example.com,west,04-07-2024
C1070,Michael,Smith,user70@example.com,North,2024/02/15
C1321,anna,WILLIAMS,user321@example.com,NORTH,2023/12/23
C1652,Michael,Smith,user652@example.com,NORTH,2023-02-24
